2023-05-12_20-41-51_i0.jpg,0,RC,MG1,
2023-05-15_20-38-49_i0.jpg,0,RC,MG1,
2023-05-15_20-26-16_i0.jpg,0,RC,MG1,
2023-05-16_16-38-42_i0.jpg,0,RC,MG1,
2023-05-18_13-41-43_i0.jpg,0,RC,MG1,
2023-06-02_17-47-45_i0.jpg,0,RC,MG1,
2023-06-05_17-56-55_i0.jpg,0,RC,MG1,
2023-06-05_17-57-37_i0.jpg,0,RC,MG1,
2023-06-12_08-52-55_i0.jpg,0,RC,MG1,
2023-06-13_14-52-42_i0.jpg,0,RC,MG1,
2023-06-16_10-06-10_i0.jpg,0,RC,MG1,
2023-06-16_11-42-03_i0.jpg,90,RC,MG1,
2023-06-17_09-00-31_i0.jpg,0,RC,MG1,
2023-06-19_10-33-53_i0.jpg,0,RC,MG1,
2023-06-25_09-53-49_i0.jpg,90,RC,MG1,
2023-06-25_09-54-04_i0.jpg,90,RC,MG1,
2023-06-25_09-54-21_i0.jpg,90,RC,MG1,
2023-06-25_09-57-03_i0.jpg,90,RC,MG1,
2023-06-27_14-34-38_i0.jpg,0,RC,MG1,
2023-06-27_14-43-33_i0.jpg,0,RC,MG1,
2023-06-30_15-19-40_i0.jpg,0,RC,MG1,
2023-06-30_15-21-21_i0.jpg,0,RC,MG1,
2023-06-30_15-24-21_i0.jpg,0,RC,MG1,
2023-06-30_15-24-47_i0.jpg,0,RC,MG1,
2023-07-05_13-02-37_i0.jpg,0,RC,MG1,
2023-07-06_15-24-46_i0.jpg,0,RC,MG1,
2023-07-15_12-16-17_i0.jpg,90,RC,MG1,
2023-07-15_12-16-17_i1.jpg,0,RC,MG1,
2023-07-18_18-37-33_i0.jpg,0,RC,MG1,
2023-07-18_18-37-33_i1.jpg,0,RC,MG1,
2023-07-24_11-35-44_i0.jpg,0,RC,MG1,
2023-07-24_11-37-06_i0.jpg,0,RC,MG1,
2023-07-24_11-41-15_i0.jpg,0,RC,MG1,
2023-07-25_12-02-08_i0.jpg,0,RC,MG1,
2023-07-25_12-45-14_i0.jpg,0,RC,MG1,
2023-07-26_15-33-56_i0.jpg,90,RC,MG1,
2023-08-11_20-11-00_i0.jpg,0,RC,MG1,
2023-08-11_20-21-59_i0.jpg,0,RC,MG1,
2023-08-11_20-35-39_i0.jpg,0,RC,MG1,
2023-08-11_20-38-47_i0.jpg,0,RC,MG1,
2023-08-20_20-22-13_i0.jpg,0,RC,MG1,
2023-08-27_11-18-43_i0.jpg,0,RC,MG1,
2023-08-28_14-16-41_i0.jpg,0,RC,MG1,
2023-09-05_12-19-03_i0.jpg,0,RC,MG1,
2023-09-11_07-23-53_i0.jpg,0,RC,MG1,
2023-09-11_07-23-54_i0.jpg,0,RC,MG1,
2023-09-24_07-30-12_i0.jpg,0,RC,MG1,
2023-10-07_07-30-49_i0.jpg,0,RC,MG1,
2023-10-07_07-36-01_i0.jpg,0,RC,MG1,
2023-10-07_07-49-54_i0.jpg,90,RC,MG1,
2023-10-07_07-51-25_i0.jpg,0,RC,MG1,
2023-10-07_08-01-30_i0.jpg,0,RC,MG1,
2023-10-07_08-01-54_i0.jpg,0,RC,MG1,
2023-10-07_08-03-13_i0.jpg,0,RC,MG1,
2023-10-07_08-03-35_i0.jpg,0,RC,MG1,
2023-10-07_08-05-04_i0.jpg,0,RC,MG1,
2023-10-07_08-07-06_i0.jpg,0,RC,MG1,
2023-10-07_08-09-59_i0.jpg,0,RC,MG1,
2023-10-07_08-12-07_i0.jpg,0,RC,MG1,
2023-10-07_08-12-24_i0.jpg,0,RC,MG1,
2023-10-07_08-13-34_i0.jpg,0,RC,MG1,
2023-10-07_08-14-24_i0.jpg,0,RC,MG1,
2023-10-07_08-29-36_i0.jpg,0,RC,MG1,
2023-11-07_18-36-39_i0.jpg,0,RC,MG1,
2023-12-29_13-49-40_i0.jpg,0,RC,MG1,
2024-01-20_07-11-55_i0.jpg,0,RC,MG1,
2024-02-04_08-31-08_i0.jpg,0,RC,MG1,
2024-02-23_13-22-29_i0.jpg,0,RC,MG1,
2024-03-04_23-02-29_i0.jpg,0,RC,MG1,
2024-03-28_16-22-07_i0.jpg,0,RC,MG1,
2024-03-28_16-22-11_i0.jpg,0,RC,MG1,
2024-04-05_10-22-58_i0.jpg,0,RC,MG1,
2024-04-05_10-40-30_i0.jpg,0,RC,MG1,
2024-04-05_11-19-27_i0.jpg,0,RC,MG1,
2024-05-01_11-21-38_i0.jpg,0,RC,MG1,
2024-05-15_15-00-49_i0.jpg,0,RC,MG1,
2024-05-15_16-43-23_i0.jpg,0,RC,MG1,
2024-10-04_21-12-04_i0.jpg,0,RC,MG1,
